{
    "0": {
        "Range": 5.765083534121063,
        "Bias": 0.18282615166331972,
        "Proj": 6.478047662682133
    },
    "1": {
        "Range": 5.766226460017864,
        "Bias": 0.08266939759392278,
        "Proj": 6.117510126415697
    },
    "2": {
        "Range": 6.526147722626206,
        "Bias": 0.18269734597103748,
        "Proj": 6.494780550576431
    }
}